id,Start Time,End Time,Feeding History ID
1,1490001353655,1490001367664,4
2,1490001683747,1490001844240,4
3,1490002239523,1490002290344,4
4,1490002360102,1490002416253,4
5,1490002463377,1490002614420,4
6,1490015180393,1490015390117,6
7,1490016046837,1490016468347,7
8,1490016486287,1490018190187,7
9,1490018665909,1490018998941,7
10,1490019675736,1490019696368,7
11,1490019753456,1490019811972,7
12,1490020371223,1490020454357,7
13,1490042802044,1490042974033,12
14,1490057916411,1490057989209,14
15,1490058678588,1490058865586,15
16,1490065633071,1490065686106,17
17,1490081937417,1490082188812,19
18,1490082350099,1490082371680,19
19,1490092590031,1490092607732,22
20,1490092809703,1490092921074,22
21,1490093247970,1490093291639,22
22,1490110257727,1490110285265,23
23,1490112097323,1490112132116,23
24,1490112355154,1490112397023,23
25,1490113188577,1490113304618,24
26,1490113625200,1490113809277,24
27,1490122726152,1490122847639,25
28,1490134911087,1490135061777,27
29,1490139465541,1490139466458,28
30,1490139590658,1490139707431,28
31,1490140176835,1490140250269,28
32,1490142813729,1490142849244,29
33,1490148476193,1490148566724,30
34,1490150335623,1490150360889,31
35,1490150449833,1490150586242,31
36,1490150877121,1490150902772,31
37,1490157195471,1490157285839,32
38,1490157445308,1490157740597,32
39,1490158241939,1490158598367,32
40,1490159184580,1490159247213,32
41,1490160589386,1490160613499,33
42,1490177226757,1490177240717,34
43,1490178376379,1490178451882,35
44,1490178866472,1490179232281,35
45,1490179443336,1490179505003,35
46,1490181700320,1490181929981,36
47,1490193343535,1490193409586,37
48,1490193473037,1490193510154,37
49,1490193872054,1490193917522,37
50,1490194313102,1490194507731,37
51,1490194914953,1490195050820,38
52,1490202718968,1490202758037,40
53,1490202809898,1490202896685,40
54,1490203204213,1490203281366,40
55,1490203795623,1490203842091,40
56,1490211416128,1490211880852,41
57,1490211888209,1490212142106,41
58,1490212475757,1490212740275,41
59,1490219222408,1490219379099,42
60,1490220242517,1490220400112,42
61,1490220872469,1490220883537,42
62,1490232223854,1490232318790,45
63,1490232459657,1490232534611,45
64,1490232622305,1490233133076,45
65,1490236825264,1490236887724,46
66,1490236916666,1490237114344,46
67,1490238602343,1490238624606,47
68,1490244645577,1490245083643,48
69,1490245579111,1490245600849,48
70,1490245687524,1490245687637,48
71,1490245690826,1490245722959,48
72,1490245990251,1490246161396,48
73,1490262574613,1490262710715,50
74,1490265268637,1490265335818,51
75,1490265356007,1490265429375,51
76,1490265523304,1490265734385,51
77,1490277312341,1490277433767,53
78,1490278756644,1490279055550,54
79,1490281428154,1490281493353,55
80,1490281606301,1490281679807,55
81,1490281790013,1490281828081,55
82,1490282179681,1490282239925,55
83,1490289220622,1490289380606,56
84,1490289857980,1490289898546,56
85,1490291153788,1490291168789,57
86,1490299659042,1490299768943,58
87,1490301124202,1490301137063,59
88,1490308283790,1490308436645,60
89,1490308510691,1490308566956,60
90,1490309163917,1490309295041,60
91,1490310954791,1490310975375,61
92,1490320265733,1490320354164,62
93,1490320901994,1490321216548,62
94,1490323193426,1490323242918,63
95,1490323387095,1490323495787,63
96,1490323512508,1490323622282,63
97,1490329236306,1490329729248,64
98,1490329826694,1490329873294,64
99,1490330081910,1490330095541,64
100,1490330150699,1490330184748,64
101,1490332607496,1490332874362,66
102,1490333601191,1490333618823,66
103,1490333653146,1490333757269,66
104,1490341915423,1490341937160,67
105,1490342718514,1490342898816,67
106,1490342950269,1490342962948,67
107,1490343189354,1490343195453,67
108,1490345013087,1490345068791,68
109,1490345249943,1490345265691,68
110,1490348017968,1490348629043,69
111,1490359379683,1490359590695,70
112,1490360021419,1490360067522,70
113,1490360133562,1490360198514,70
114,1490368851787,1490368878812,72
115,1490369060929,1490369073397,72
116,1490369318688,1490369433309,72
117,1490389879509,1490389924920,75
118,1490390187189,1490390219267,75
119,1490396196803,1490396342135,77
120,1490397811093,1490398154410,78
121,1490398700554,1490398730170,78
122,1490398854750,1490398950556,78
123,1490403733679,1490403793668,79
124,1490404022307,1490404035452,79
125,1490404211757,1490404221303,79
126,1490404279779,1490404344815,79
127,1490404455143,1490404546298,79
128,1490404722550,1490404728896,79
129,1490405069049,1490405124984,79
130,1490405170491,1490405259594,79
131,1490405318337,1490405368705,79
132,1490406169652,1490406291981,80
133,1490406333924,1490406513017,80
134,1490406659575,1490406679774,80
135,1490411610239,1490411845197,81
136,1490412102740,1490412229246,81
137,1490412781592,1490412925637,81
138,1490412981970,1490413128870,81
139,1490415222455,1490415367677,82
140,1490415794582,1490415840965,82
141,1490416571250,1490416737515,82
142,1490417558180,1490417787319,82
143,1490418102530,1490418177680,82
144,1490430360586,1490430604703,83
145,1490430863614,1490431026272,83
146,1490432719005,1490433434559,84
147,1490433565690,1490433638709,84
148,1490433814496,1490433832126,84
149,1490433904920,1490433928184,84
150,1490453021299,1490453134830,85
151,1490455027470,1490455269057,86
152,1490457136917,1490457167901,87
153,1490457488565,1490457617991,87
154,1490457669466,1490457738900,87
155,1490471243624,1490471339618,89
156,1490473211924,1490473265763,90
157,1490473736036,1490474062455,90
158,1490479321906,1490479507898,91
159,1490480179286,1490480236766,91
160,1490480564476,1490480590056,91
161,1490485815142,1490486103899,92
162,1490486300987,1490486491966,92
163,1490486957823,1490486987139,92
164,1490487217477,1490487372930,92
165,1490487590086,1490487625417,92
166,1490487797148,1490487849545,92
167,1490497454800,1490497501797,94
168,1490497842319,1490497853194,94
169,1490497880484,1490497918298,94
170,1490498014993,1490498167953,94
171,1490498351430,1490498439126,94
172,1490498494817,1490498508718,94
173,1490512318812,1490512680427,96
174,1490512726688,1490512754383,96
175,1490514075764,1490514302346,97
176,1490514683667,1490514693431,97
177,1490514723035,1490515255194,97
178,1490515719388,1490515992992,97
179,1490523695338,1490524162730,99
180,1490524338965,1490524484190,99
181,1490524726847,1490524742195,99
182,1490524793069,1490524860089,99
183,1490525068562,1490525107776,99
184,1490536230483,1490536434385,100
185,1490548207730,1490548370203,102
186,1490548867059,1490549034420,102
187,1490549194304,1490549220918,102
188,1490549362650,1490549468622,102
189,1490549607336,1490549623320,102
190,1490549851539,1490549906560,102
191,1490549953085,1490550032871,102
192,1490552037503,1490552070316,103
193,1490552300039,1490552323270,103
194,1490552357011,1490552404478,103
195,1490552525125,1490552581193,103
196,1490552881753,1490552922970,103
197,1490553034247,1490553065931,103
198,1490553244267,1490553328504,103
199,1490553531624,1490553577141,103
200,1490568127651,1490568510419,105
201,1490569692535,1490569709632,106
202,1490576340337,1490576345136,107
203,1490576403174,1490576476945,107
204,1490576811830,1490576950169,107
205,1490577328505,1490577343270,107
206,1490577385107,1490577458950,107
207,1490577506756,1490577572923,107
208,1490578519951,1490578987048,108
209,1490583709422,1490583724790,109
210,1490583866576,1490583877420,109
211,1490584122862,1490584446369,109
212,1490584754162,1490584818282,109
213,1490584973681,1490585259116,109
214,1490585366843,1490585416264,109
215,1490585780840,1490585797204,109
216,1490601133964,1490601379386,112
217,1490601813328,1490601889683,112
218,1490601919137,1490601956070,112
219,1490602078867,1490602324885,112
220,1490610625684,1490610726498,115
221,1490626071404,1490626175882,117
222,1490626959578,1490627080757,117
223,1490649199405,1490649274284,123
224,1490660486115,1490660516063,125
225,1490660803425,1490661409038,125
226,1490662923218,1490662937343,126
227,1490663011954,1490663034620,126
228,1490663214535,1490663263436,126
229,1490663553017,1490663564296,126
230,1490663761650,1490663956695,126
231,1490671598359,1490671606113,127
232,1490674217032,1490674242596,128
233,1490674490571,1490674638430,128
234,1490674696231,1490674717025,128
235,1490674949352,1490674983825,128
236,1490674995561,1490675042014,128
237,1490675165328,1490675309535,128
238,1490675402770,1490675423678,128
239,1490675455635,1490675485602,128
240,1490675672582,1490675682734,128
241,1490676336372,1490676355043,129
242,1490676447228,1490676457745,129
243,1490705605952,1490705665248,131
244,1490707249905,1490707296472,132
245,1490707493626,1490707512011,132
246,1490707637353,1490707683573,132
247,1490707761497,1490707803833,132
248,1490718054618,1490718245429,133
249,1490718336606,1490718957357,133
250,1490719433611,1490719491876,133
251,1490720146173,1490720367116,133
252,1490720514106,1490720563418,133
253,1490720692681,1490720708613,133
254,1490720761437,1490720771251,133
255,1490720881980,1490720942534,133
256,1490725439613,1490725468913,134
257,1490725514433,1490725531217,134
258,1490746628238,1490746663722,139
259,1490746782567,1490746965014,139
260,1490759005273,1490759016010,142
261,1490759241128,1490759253828,142
262,1490759297581,1490759353334,142
263,1490759503335,1490759523868,142
264,1490759608275,1490759724681,142
265,1490759802595,1490759819626,142
266,1490759894451,1490759996022,142
267,1490760106438,1490760125835,142
268,1490760377392,1490760385440,142
269,1490761150418,1490761182118,143
270,1490761427947,1490761438000,143
271,1490761504183,1490761588184,143
272,1490761681681,1490761700243,143
273,1490774231620,1490774338652,146
274,1490777076930,1490777141178,147
275,1490777235521,1490777249569,147
276,1490777337229,1490777403516,147
277,1490777572575,1490777751855,147
278,1490778290154,1490778364691,148
279,1490792330430,1490792345620,149
280,1490792387560,1490792423626,149
281,1490794915215,1490794924913,150
282,1490795034191,1490795045874,150
283,1490805339311,1490805360204,152
284,1490805466381,1490805479481,152
285,1490805548057,1490805596924,152
286,1490805627797,1490805640690,152
287,1490805744810,1490805762377,152
288,1490805781882,1490805810597,152
289,1490817104779,1490817116335,154
290,1490827518411,1490827527540,157
291,1490829166421,1490829188652,158
292,1490829312216,1490829528544,158
293,1490829872094,1490829897894,158
294,1490838409764,1490838499058,159
295,1490838571165,1490838625417,159
296,1490838660973,1490838690922,159
297,1490838804086,1490838830337,159
298,1490839084894,1490839096609,159
299,1490839160618,1490839163215,159
300,1490839164885,1490839183534,159
301,1490839239758,1490839312649,159
302,1490839343867,1490839348514,159
303,1490839357685,1490839416236,159
304,1490839539934,1490839611370,159
305,1490841223869,1490841231631,160
306,1490841269347,1490841281705,160
307,1490841339264,1490841376946,160
308,1490841510161,1490841528715,160
309,1490841580886,1490841646893,160
310,1490841722782,1490841752600,160
311,1490854493684,1490854505106,162
312,1490854859881,1490854978051,162
313,1490855034107,1490855108561,162
314,1490855176321,1490855218353,162
315,1490855347284,1490855394953,162
316,1490855598315,1490855608415,162
317,1490855631920,1490855677103,162
318,1490856762067,1490856772440,163
319,1490872223322,1490872269527,166
320,1490872457718,1490872560854,166
321,1490872686531,1490872814846,166
322,1490879306801,1490879322856,167
323,1490879399367,1490879459369,167
324,1490879617904,1490879681591,167
325,1490879898669,1490879942667,167
326,1490880000173,1490880016438,167
327,1490880020309,1490880034524,167
328,1490880960862,1490881056880,168
329,1490881091985,1490881132269,168
330,1490881195627,1490881205792,168
331,1490891475571,1490891597730,169
332,1490892422903,1490892436285,170
333,1490892496663,1490892512709,170
334,1490901902209,1490901921856,171
335,1490902091724,1490902146243,171
336,1490902334060,1490902366627,171
337,1490902471872,1490902593464,171
338,1490902658956,1490902731426,171
339,1490902853239,1490902878560,171
340,1490903016991,1490903046375,171
341,1490903173704,1490903324580,171
342,1490911789755,1490911825779,173
343,1490912128005,1490912179279,173
344,1490912589991,1490912616231,173
345,1490912715525,1490912748177,173
346,1490913281540,1490913295222,174
347,1490913463103,1490913531341,174
348,1490913931878,1490914059805,174
349,1490922532622,1490922554761,175
350,1490923112595,1490923119881,175
351,1490923188879,1490923201065,175
352,1490923282438,1490923358593,175
353,1490923442786,1490923498453,175
354,1490924818132,1490924826390,176
355,1490924941767,1490924952900,176
356,1490925054294,1490925070960,176
357,1490925089763,1490925107433,176
358,1490925167888,1490925214322,176
359,1490925276547,1490925303763,176
360,1490925340469,1490925359651,176
361,1490931370559,1490931393166,177
362,1490931422268,1490931562480,177
363,1490931624654,1490931849550,177
364,1490931927285,1490931975516,177
365,1490932087760,1490932103977,177
366,1490932127814,1490932175165,177
367,1490932386952,1490932430503,177
368,1490932458860,1490932465541,177
369,1490932519600,1490932553882,177
370,1490933149706,1490933164188,178
371,1490956864218,1490956873300,183
372,1490957124802,1490957140050,183
373,1490957176008,1490957188355,183
374,1490957522988,1490957551884,183
375,1490968555379,1490968872207,184
376,1490969104303,1490969113368,184
377,1490969164625,1490969175073,184
378,1490981597556,1490981706855,185
379,1490981835565,1490981913703,185
380,1490982726704,1490982793005,186
381,1490982923403,1490982943319,186
382,1490983104018,1490983112433,186
383,1490992408359,1490992414466,187
384,1490992477788,1490992503345,187
385,1490992577417,1490992585564,187
386,1490998598175,1490998609638,189
387,1490998652127,1490998659157,189
388,1490999055048,1490999110609,189
389,1490999163401,1490999359842,189
390,1490999362582,1490999519243,189
391,1490999591020,1490999602817,189
392,1490999757236,1490999767531,189
393,1490999804651,1490999849803,189
394,1491000200332,1491000230302,189
395,1491000238909,1491000247206,189
396,1491001535505,1491001553323,190
397,1491010634851,1491010679099,191
398,1491010885021,1491010907253,191
399,1491010992647,1491011070184,191
400,1491011683670,1491011746174,192
401,1491011776412,1491011785477,192
402,1491011830570,1491011848034,192
403,1491011858388,1491011897605,192
404,1491011933309,1491011944926,192
405,1491012022152,1491012044851,192
406,1491012681026,1491012744795,193
407,1491014929025,1491014939786,194
408,1491015200759,1491015209609,194
409,1491015594509,1491015628876,194
410,1491018598393,1491018618607,195
411,1491018647763,1491018656477,195
412,1491018698667,1491018721049,195
413,1491018768273,1491018793289,195
414,1491018823578,1491018890331,195
415,1491019145272,1491019197574,195
416,1491019252531,1491019263945,195
417,1491020560401,1491020596364,196
418,1491021962177,1491022031467,197
419,1491022087808,1491022096560,197
420,1491045341817,1491045778002,200
421,1491045816927,1491046047975,200
422,1491046360738,1491046567987,200
423,1491057262341,1491057297139,201
424,1491059609979,1491059631325,202
425,1491063558118,1491063621361,203
426,1491063736911,1491063742123,203
427,1491063751309,1491063762925,203
428,1491063822866,1491063835615,203
429,1491063931211,1491063957907,203
430,1491064012882,1491064021796,203
431,1491064043917,1491064077839,203
432,1491080880867,1491080914107,206
433,1491081015703,1491081022283,206
434,1491081109557,1491081126343,206
435,1491081166766,1491081183197,206
436,1491081206269,1491081331592,206
437,1491081517279,1491081526527,206
438,1491081559034,1491081597865,206
439,1491081648938,1491081998133,206
440,1491082306943,1491082329360,206
441,1491082351647,1491082438720,206
442,1491082457826,1491082475358,206
443,1491090047111,1491090090075,209
444,1491090161525,1491090267024,209
445,1491090316549,1491090400970,209
446,1491090441091,1491090468325,209
447,1491090518466,1491090581549,209
448,1491090633439,1491090703210,209
449,1491092886257,1491092896370,210
450,1491092939342,1491092947156,210
451,1491093206416,1491093220197,210
452,1491093299890,1491093304519,210
453,1491098116581,1491098134228,211
454,1491098164301,1491098239621,211
455,1491098258827,1491098314799,211
456,1491098408603,1491098470490,211
457,1491098551719,1491098623887,211
458,1491098756033,1491098796651,211
459,1491098886769,1491098964949,211
460,1491099164126,1491099244756,211
461,1491099258120,1491099266787,211
462,1491103800858,1491103816402,212
463,1491105817919,1491105900272,213
464,1491106118526,1491106138058,213
465,1491106203099,1491106396915,213
466,1491107554061,1491107580593,214
467,1491109540466,1491109551772,215
468,1491109791618,1491109799562,215
469,1491109823632,1491109881552,215
470,1491109959766,1491109969213,215
471,1491110204196,1491110341358,215
472,1491110886800,1491110987244,216
473,1491111126792,1491111582163,216
474,1491111676540,1491111735159,216
475,1491111830485,1491111988291,216
476,1491123711119,1491123819157,218
477,1491123934172,1491123969353,218
478,1491134265854,1491134270873,219
479,1491134550090,1491134565392,219
480,1491134611546,1491134620812,219
481,1491134667318,1491134695817,219
482,1491134743358,1491134851748,219
483,1491136236265,1491136425946,220
484,1491136475067,1491136641732,220
485,1491136764979,1491136773210,220
486,1491137536659,1491137542592,221
487,1491137564997,1491137601311,221
488,1491137714758,1491137754332,221
489,1491137844204,1491137974393,221
490,1491145347318,1491145429853,222
491,1491145654337,1491145663288,222
492,1491147823013,1491147906010,223
493,1491148060043,1491148097807,223
494,1491159431015,1491159659649,224
495,1491160049948,1491160074669,224
496,1491160103923,1491160125388,224
497,1491161320866,1491161349020,225
498,1491161416298,1491161468892,225
499,1491161616672,1491161624505,225
500,1491161724264,1491161779835,225
501,1491161799606,1491161809657,225
502,1491177855033,1491178073431,229
503,1491178135555,1491178141055,229
504,1491187821343,1491187837501,230
505,1491187919195,1491188104573,230
506,1491188259939,1491188275506,230
507,1491188324662,1491188336361,230
508,1491195335969,1491195363434,232
509,1491195437293,1491195452774,232
510,1491195604771,1491195668759,232
511,1491196731719,1491196756768,233
512,1491196862912,1491196870979,233
513,1491197126508,1491197454666,233
514,1491198404101,1491198433466,234
515,1491198509224,1491198524057,234
516,1491209117035,1491209138604,235
517,1491209256183,1491209267001,235
518,1491209320512,1491209329054,235
519,1491210604779,1491210653125,236
520,1491210710119,1491210800987,236
521,1491222317165,1491222361422,237
522,1491222668118,1491222693839,237
523,1491223816993,1491223895880,238
524,1491231708537,1491231808646,239
525,1491233419269,1491233446655,240
526,1491233489045,1491233547361,240
527,1491233555648,1491233731692,240
528,1491234202169,1491234229326,240
529,1491234296693,1491234350065,240
530,1491234360302,1491234365614,240
531,1491238419655,1491238446229,241
532,1491238525123,1491238562357,241
533,1491238587860,1491238702857,241
534,1491239180073,1491239243246,241
535,1491239294922,1491239312573,241
536,1491239358764,1491239538393,241
537,1491239651404,1491239657485,241
538,1491239771499,1491239787014,241
539,1491240222270,1491240235201,242
540,1491240275444,1491240329146,242
541,1491240351421,1491240442286,242
542,1491247298200,1491247305357,244
543,1491247363051,1491247375382,244
544,1491247600286,1491247652520,244
545,1491247726314,1491247734943,244
546,1491247842709,1491247852656,244
547,1491248022406,1491248038972,244
548,1491248049877,1491248091709,244
549,1491248157185,1491248232540,244
550,1491253487720,1491253494641,247
551,1491254262601,1491254277673,248
552,1491254401835,1491254440338,248
553,1491264756268,1491264785441,249
554,1491265043052,1491265133070,249
555,1491266639114,1491266647062,250
556,1491266696736,1491266754871,250
557,1491266800779,1491266956553,250
558,1491267107451,1491267131263,250
559,1491270177149,1491270186710,251
560,1491270260655,1491270305353,251
561,1491271362398,1491272069106,252
562,1491273144642,1491273156685,253
563,1491273218880,1491273245293,253
564,1491273382523,1491273399056,253
565,1491273494468,1491273596842,253
566,1491273632030,1491273666195,253
567,1491279040202,1491279068311,254
568,1491279204470,1491279341629,254
569,1491279739767,1491279804312,254
570,1491279909424,1491280038582,254
571,1491280061554,1491280199196,254
572,1491280312059,1491280322990,254
573,1491280380448,1491280594946,254
574,1491281672239,1491281705984,255
575,1491281735191,1491281761738,255
576,1491281932340,1491281961456,255
577,1491282025765,1491282047700,255
578,1491285810039,1491285851942,256
579,1491285992987,1491286030166,256
580,1491321551433,1491321603853,263
581,1491323170384,1491323285594,264
582,1491336491691,1491336530358,266
583,1491336584231,1491336788482,266
584,1491342784751,1491342817188,267
585,1491342890347,1491342987288,267
586,1491343148658,1491343282812,267
587,1491343318583,1491343338552,267
588,1491353916277,1491354072131,269
589,1491354201695,1491354232296,269
590,1491354294005,1491354322738,269
591,1491354347743,1491354462331,269
592,1491354617749,1491354631714,269
593,1491358003762,1491358111072,270
594,1491358201300,1491358219165,270
595,1491359769283,1491359803052,271
596,1491360113277,1491360147595,271
597,1491360165735,1491360187584,271
598,1491360231458,1491360246353,271
599,1491360340867,1491360417917,271
600,1491360433189,1491360439420,271
601,1491374651870,1491374664011,273
602,1491374684599,1491374701701,273
603,1491374874280,1491375054296,273
604,1491376477652,1491376595789,274
605,1491376638763,1491377155133,274
606,1491377490886,1491377515931,274
607,1491386133762,1491386143661,276
608,1491386285477,1491386293974,276
609,1491386323245,1491386331427,276
610,1491393085095,1491393090208,277
611,1491393166070,1491393219636,277
612,1491393277928,1491393285109,277
613,1491394983589,1491394998158,278
614,1491405292806,1491405300221,281
615,1491413274610,1491413313831,283
616,1491413400310,1491413467548,283
617,1491413523023,1491413599340,283
618,1491413820670,1491413872113,283
619,1491415406258,1491415436206,284
620,1491419250703,1491419287893,285
621,1491419369358,1491419384535,285
622,1491419411523,1491419416089,285
623,1491419535168,1491419715611,285
624,1491419810862,1491419845013,285
625,1491419980009,1491420026412,285
626,1491422545825,1491422574293,287
627,1491425692282,1491425709353,288
628,1491426757574,1491426813391,289
629,1491427035042,1491427213901,289
630,1491427326809,1491427346256,289
631,1491434502055,1491434518221,291
632,1491434800365,1491434806080,291
633,1491441567931,1491441579503,292
634,1491441603159,1491441608974,292
635,1491441669281,1491441689448,292
636,1491441756322,1491441784055,292
637,1491443615749,1491443623631,293
638,1491443641922,1491443768673,293
639,1491443876785,1491443881532,293
640,1491443962459,1491443991608,293
641,1491444113403,1491444168189,293
642,1491450009753,1491450017875,294
643,1491450105987,1491450120536,294
644,1491451439717,1491451444363,296
645,1491451464968,1491451478318,296
646,1491451510256,1491451518986,296
647,1491451713639,1491451756875,296
648,1491451802231,1491452051900,296
649,1491452356118,1491452409918,296
650,1491452495864,1491452526228,296
651,1491452673145,1491452690025,296
652,1491452774756,1491452803286,296
653,1491452878063,1491452926213,296
654,1491452968203,1491452975419,296
655,1491453005488,1491453039258,296
656,1491453107956,1491453145571,296
657,1491453238685,1491453539556,296
658,1491453735760,1491453753040,296
659,1491453910935,1491453924356,296
660,1491454021213,1491454029483,296
661,1491455421557,1491455452117,297
662,1491455498922,1491455531926,297
663,1491455590365,1491455662818,297
664,1491455726563,1491456014531,297
665,1491456105844,1491456116223,297
666,1491456179367,1491456266906,297
667,1491472422116,1491472429234,298
668,1491472463423,1491472476838,298
669,1491472557281,1491472624106,298
670,1491472666459,1491472998583,298
671,1491473239539,1491473247804,298
672,1491473425456,1491473430720,298
673,1491485454333,1491485568073,301
674,1491485662201,1491485877334,301
675,1491486019864,1491486039346,301
676,1491487217828,1491487227544,302
677,1491487611693,1491487658429,302
678,1491487741122,1491487752454,302
679,1491487796060,1491487852316,302
680,1491487930723,1491487948285,302
681,1491488003144,1491488019275,302
682,1491488060332,1491488124250,302
683,1491495540606,1491495726819,303
684,1491497205048,1491497268486,304
685,1491497334755,1491497344009,304
686,1491497413946,1491497478050,304
687,1491497631351,1491497808063,304
688,1491502380446,1491502398854,305
689,1491502569841,1491502581591,305
690,1491502744139,1491502806075,305
691,1491503388930,1491503402978,306
692,1491507103089,1491507180046,307
693,1491507282955,1491507288750,307
694,1491507314953,1491507399546,307
695,1491507507840,1491507553873,307
696,1491507625715,1491507829228,307
697,1491507886629,1491507897319,307
698,1491508662061,1491508725110,308
699,1491508780535,1491508804715,308
700,1491508825769,1491508834301,308
701,1491520555657,1491520561409,309
702,1491520764382,1491520770024,309
703,1491520824856,1491520835358,309
704,1491521828889,1491521851047,310
705,1491522112207,1491522150539,310
706,1491522432248,1491522438062,310
707,1491522528608,1491522569000,310
708,1491528046394,1491528178494,311
709,1491528673830,1491528686729,311
710,1491528713249,1491528725181,311
711,1491529639623,1491529646270,312
712,1491529717796,1491529729944,312
713,1491529817204,1491529870742,312
714,1491530023222,1491530045421,312
715,1491543703785,1491543726809,314
716,1491544281427,1491544359282,315
717,1491544520580,1491544572631,315
718,1491544664860,1491544678173,315
719,1491544748600,1491544808102,315
720,1491544916778,1491544953028,315
721,1491544960516,1491545010884,315
722,1491546025385,1491546069035,317
723,1491558990868,1491558997639,318
724,1491559062783,1491559078063,318
725,1491560089008,1491560100358,319
726,1491560167196,1491560174677,319
727,1491569205456,1491569215870,320
728,1491569376858,1491569390017,320
729,1491570545997,1491570757742,321
730,1491575452442,1491575561131,323
731,1491583694804,1491583724384,325
732,1491590467288,1491590469329,327
733,1491590568873,1491590890050,327
734,1491591006245,1491591019327,327
735,1491591345024,1491591370840,327
736,1491591403662,1491591487350,327
737,1491593248842,1491593352497,328
738,1491593398456,1491593505630,328
739,1491594490865,1491594500989,329
740,1491602346818,1491602440038,330
741,1491602552252,1491602630022,330
742,1491604122147,1491604150024,331
743,1491604404082,1491604440200,331
744,1491604612666,1491604622198,331
745,1491604901839,1491604928522,331
746,1491604982416,1491604992462,331
747,1491605161140,1491605173310,331
748,1491614939387,1491615007496,332
749,1491615513168,1491615522364,332
750,1491617140391,1491617150925,333
751,1491617187297,1491617197513,333
752,1491617217203,1491617340710,333
753,1491617409164,1491617416415,333
754,1491617528395,1491618045434,333
755,1491618194086,1491618201807,333
756,1491624144769,1491624271256,334
757,1491624443225,1491624493443,334
758,1491624622943,1491624825310,334
759,1491625846035,1491625993294,335
760,1491626155646,1491626173527,335
761,1491626265422,1491626639457,335
762,1491626663431,1491626677613,335
763,1491627565809,1491627682740,336
764,1491627865778,1491627950452,336
765,1491627979268,1491628228876,336
766,1491628304012,1491628308945,336
767,1491628391063,1491628471813,336
768,1491632062114,1491632111291,337
769,1491632244005,1491632282366,337
770,1491632515313,1491632614802,337
771,1491632888859,1491632921792,337
772,1491632927847,1491633164748,337
773,1491633312428,1491633317644,337
774,1491634335644,1491634393022,338
775,1491634473600,1491634514983,338
776,1491634627629,1491634648677,338
777,1491635751648,1491635759844,339
778,1491635834555,1491635877572,339
779,1491648317334,1491648327048,341
780,1491648398808,1491648416189,341
781,1491655663242,1491655788243,342
782,1491655870562,1491655877451,342
783,1491655909108,1491655961027,342
784,1491655993126,1491656003000,342
785,1491656232794,1491656241316,342
786,1491657506736,1491657639108,343
787,1491668072327,1491668253462,345
788,1491668330337,1491668529535,345
789,1491670749408,1491670808122,346
790,1491671135848,1491671218241,346
791,1491671295933,1491671325268,346
792,1491671445214,1491671453139,346
793,1491671497629,1491671502877,346
794,1491675185392,1491675355638,347
795,1491675406239,1491675484367,347
796,1491677465273,1491677549095,348
797,1491677684327,1491677706276,348
798,1491687212568,1491687224364,350
799,1491688499333,1491688528502,351
800,1491696439705,1491696612829,352
801,1491698386428,1491698621089,353
802,1491705503033,1491705550443,354
803,1491709952272,1491709992606,356
804,1491710156590,1491710166238,356
805,1491714226543,1491714462958,357
806,1491714569087,1491714586105,357
807,1491714671595,1491714716882,357
808,1491714782532,1491714792048,357
809,1491714806719,1491714814782,357
810,1491714842222,1491715060270,357
811,1491715185384,1491715196549,357
812,1491715219472,1491715220200,357
813,1491715250140,1491715260370,357
814,1491715312579,1491715326609,357
815,1491715367064,1491715394899,357
816,1491715410604,1491715424750,357
817,1491716827713,1491716838241,358
818,1491716948892,1491717022996,358
819,1491717160075,1491717167375,358
820,1491717204081,1491717238446,358
821,1491717319675,1491717329138,358
822,1491717361694,1491717373208,358
823,1491717394030,1491717413329,358
824,1491717423566,1491717432130,358
825,1491717445418,1491717482200,358
826,1491731577364,1491731591586,360
827,1491743776548,1491743802797,361
828,1491744073990,1491744186464,361
829,1491744324712,1491744354849,361
830,1491746069927,1491746093646,362
831,1491746300652,1491746476980,362
832,1491746512186,1491746570438,362
833,1491755964589,1491756003112,363
834,1491756061936,1491756130926,363
835,1491756183248,1491756213948,363
836,1491772064383,1491772352420,366
837,1491776640570,1491776647414,369
838,1491779096417,1491779103215,370
839,1491780515630,1491780618536,371
840,1491780739774,1491780741414,371
841,1491780763521,1491780953430,371
842,1491781031927,1491781040122,371
843,1491787313954,1491787319858,372
844,1491788939402,1491788983451,373
845,1491789001084,1491789090123,373
846,1491789135594,1491789319125,373
847,1491789461205,1491789597480,373
848,1491789688574,1491789847103,373
849,1491796402545,1491796455299,374
850,1491796746926,1491796787262,374
851,1491796868470,1491796904780,374
852,1491796986565,1491796994678,374
853,1491797186065,1491797206463,374
854,1491797228984,1491797267986,374
855,1491797288991,1491797318238,374
856,1491797347112,1491797391229,374
857,1491798290084,1491798309201,375
858,1491798347524,1491798483400,375
859,1491798922391,1491799318852,375
860,1491799462317,1491799553585,375
861,1491799765976,1491799894048,375
862,1491812155252,1491812162282,376
863,1491823331395,1491823337189,379
864,1491823362738,1491823382285,379
865,1491830616200,1491830709048,381
866,1491838169530,1491838336242,384
867,1491838362274,1491838414377,384
868,1491838439464,1491838466965,384
869,1491842099005,1491842119763,385
870,1491842187386,1491842274526,385
871,1491842338734,1491842390119,385
872,1491842521681,1491842735047,385
873,1491842808124,1491842830906,385
874,1491842908784,1491842919782,385
875,1491844362481,1491844370186,386
876,1491844427594,1491844544552,386
877,1491844577590,1491844696549,386
878,1491844915870,1491844938253,386
879,1491844985908,1491844994356,386
880,1491848014465,1491848020956,387
881,1491848161152,1491848218875,387
882,1491849007081,1491849016298,388
883,1491854417454,1491854425535,389
884,1491854554933,1491854562348,389
885,1491854640005,1491854757015,389
886,1491854815939,1491855059187,389
887,1491855189798,1491855202901,389
888,1491855276011,1491855292976,389
889,1491855351537,1491855366549,389
890,1491855417418,1491855425871,389
891,1491855488892,1491855507394,389
892,1491855529331,1491855536066,389
893,1491855557916,1491855571482,389
894,1491855585719,1491855652524,389
895,1491855688047,1491855695244,389
896,1491857046804,1491857065846,390
897,1491857078214,1491857105516,390
898,1491857122556,1491857147638,390
899,1491862536059,1491862554069,391
900,1491862602874,1491862613859,391
901,1491862694715,1491862736969,391
902,1491864267122,1491864598933,392
903,1491867781703,1491867856339,393
904,1491867900114,1491868317678,393
905,1491868592272,1491868659815,393
906,1491877631639,1491877635863,394
907,1491877763062,1491877764808,394
908,1491877857236,1491877864140,394
909,1491877940443,1491877958609,394
910,1491878073821,1491878106672,394
911,1491878207884,1491878227015,394
912,1491878345795,1491878394546,394
913,1491879574906,1491879587186,395
914,1491883778282,1491883807742,396
915,1491883919454,1491883937221,396
916,1491884106136,1491884161236,396
917,1491884300814,1491884396121,396
918,1491884508062,1491884518450,396
919,1491885701187,1491885826577,397
920,1491885872403,1491885874833,397
921,1491885896271,1491885933398,397
922,1491885982858,1491886000155,397
923,1491886072798,1491886222191,397
924,1491886395603,1491886402968,397
925,1491886471976,1491886536628,397
926,1491886577902,1491886662256,397
927,1491886725365,1491886767332,397
928,1491886816357,1491886845805,397
929,1491886866910,1491886879158,397
930,1491887487862,1491887496024,398
931,1491887556534,1491887699579,398
932,1491887874631,1491887934650,398
933,1491902321186,1491902335944,399
934,1491902368351,1491902378147,399
935,1491911553164,1491911873428,402
936,1491911933283,1491912167183,402
937,1491912243596,1491912251792,402
938,1491912264045,1491912270377,402
939,1491912283597,1491912296695,402
940,1491912310366,1491912324000,402
941,1491912334221,1491912344105,402
942,1491912363689,1491912369537,402
943,1491912386724,1491912432659,402
944,1491912605087,1491912614339,402
945,1491912698416,1491912731895,402
946,1491912755566,1491912771882,402
947,1491913678314,1491913687904,403
948,1491925534534,1491925544382,405
949,1491925548916,1491925902460,405
950,1491925980873,1491926036189,405
951,1491926168994,1491926225371,405
952,1491929959755,1491929965123,406
953,1491930008062,1491930081050,406
954,1491930328289,1491930355405,406
955,1491930366094,1491930417745,406
956,1491930464552,1491930518439,406
957,1491930564542,1491930809245,406
958,1491930928423,1491930947261,406
959,1491930992110,1491931104001,406
960,1491932362641,1491932489220,407
961,1491932566890,1491932614563,407
962,1491935036427,1491935129174,408
963,1491940401741,1491940464152,409
964,1491940529920,1491940605129,409
965,1491940618302,1491940696407,409
966,1491940773648,1491940798449,409
967,1491941853671,1491941957792,410
968,1491942084123,1491942165060,410
969,1491942250820,1491942293719,410
970,1491942318158,1491942320255,410
971,1491942412044,1491942479481,410
972,1491942570057,1491942579023,410
973,1491942595927,1491942603141,410
974,1491942678964,1491942721767,410
975,1491942871016,1491943009893,410
976,1491943097189,1491943132869,410
977,1491955481118,1491955487464,412
978,1491955530554,1491955530667,412
979,1491955531937,1491955593723,412
980,1491956397576,1491956405475,413
981,1491956573196,1491956924747,413
982,1491957070594,1491957086488,413
983,1491957112624,1491957557373,413
984,1491957614633,1491957633993,413
985,1491957659432,1491957671332,413
986,1491957695868,1491957905132,413
987,1491969779342,1491969829901,414
988,1491969935881,1491970267028,414
989,1491970354168,1491970374000,414
990,1491970425125,1491970441404,414
991,1491970498314,1491970550198,414
992,1491971544334,1491971593063,415
993,1491973814452,1491973845319,417
994,1491973906640,1491973958708,417
995,1491974010556,1491974070920,417
996,1491974245459,1491974643750,417
997,1491974769563,1491975074621,417
998,1491986713537,1491986731875,418
999,1491997085202,1491997134481,420
1000,1491998359685,1491998399843,421
1001,1491998444650,1491998493302,421
1002,1491998540860,1491998551341,421
1003,1491998600016,1491998627980,421
1004,1491999091646,1491999102472,422
1005,1491999530254,1491999540989,422
1006,1491999564198,1491999613532,422
1007,1491999632939,1491999660254,422
1008,1491999719547,1491999736362,422
1009,1491999754749,1491999764932,422
1010,1492006992846,1492007000987,423
1011,1492013314423,1492013498169,424
1012,1492014930278,1492014961345,425
1013,1492015002968,1492015105793,425
1014,1492015203664,1492015254600,425
1015,1492020084782,1492020125644,426
1016,1492020615640,1492020662956,426
1017,1492020714498,1492020725346,426
1018,1492020852177,1492020855005,426
1019,1492021057592,1492021074059,426
1020,1492021093464,1492021133364,426
1021,1492021222190,1492021234806,426
1022,1492021296229,1492021312612,426
1023,1492022545308,1492022552500,427
1024,1492022564489,1492022611788,427
1025,1492022645896,1492022728164,427
1026,1492022756321,1492022808188,427
1027,1492022816808,1492022927016,427
1028,1492030606232,1492030607861,430
1029,1492030661773,1492030667851,430
1030,1492030789347,1492030845433,430
1031,1492030919078,1492030937190,430
1032,1492030996847,1492031045216,430
1033,1492031151262,1492031165358,430
1034,1492031175865,1492031188911,430
1035,1492031203233,1492031541991,430
1036,1492031657604,1492031672584,430
1037,1492031737459,1492031923572,430
1038,1492038507107,1492038527674,431
1039,1492038612286,1492038680091,431
1040,1492038801735,1492038871390,431
1041,1492038923360,1492038960061,431
1042,1492039062268,1492039079629,431
1043,1492039100517,1492039119932,431
1044,1492040434296,1492040470680,432
1045,1492040541221,1492040551303,432
1046,1492040595993,1492040615675,432
1047,1492047184489,1492047212803,433
1048,1492048222502,1492048257218,434
1049,1492049615793,1492049624527,435
1050,1492049649608,1492049671123,435
1051,1492050532353,1492050652428,436
1052,1492080648673,1492080654606,439
1053,1492105657041,1492105957172,445
1054,1492106258107,1492106264066,445
1055,1492106280565,1492106318304,445
1056,1492106369595,1492106377159,445
1057,1492106462791,1492106472481,445
1058,1492116545561,1492116549935,447
1059,1492116800473,1492116855758,447
1060,1492116896530,1492116946418,447
1061,1492117121318,1492117190021,447
1062,1492121696588,1492121730653,448
1063,1492121821713,1492121873763,448
1064,1492121944374,1492121954338,448
1065,1492121996795,1492122003575,448
1066,1492122038246,1492122044313,448
1067,1492122083502,1492122112417,448
1068,1492123480319,1492123486442,449
1069,1492123597039,1492123604437,449
1070,1492123633109,1492123707212,449
1071,1492123806727,1492123816973,449
1072,1492123860063,1492123878829,449
1073,1492123902268,1492123911814,449
1074,1492132718074,1492132739050,450
1075,1492133196915,1492133217865,450
1076,1492133280539,1492133294355,450
1077,1492133372713,1492133447583,450
1078,1492133552943,1492133600345,450
1079,1492133685607,1492133699238,450
1080,1492133789750,1492133804957,450
1081,1492133858145,1492133862310,450
1082,1492133941436,1492133950068,450
1083,1492133958773,1492133994972,450
1084,1492135110365,1492135122258,451
1085,1492135138294,1492135154842,451
1086,1492135222903,1492135241033,451
1087,1492135318861,1492135344077,451
1088,1492135362747,1492135370347,451
1089,1492140088270,1492140117485,452
1090,1492140226114,1492140265163,452
1091,1492140331290,1492140366122,452
1092,1492140548522,1492140599162,452
1093,1492140611395,1492140613727,452
1094,1492141430087,1492141439403,453
1095,1492141731084,1492141754430,453
1096,1492141784685,1492141801568,453
1097,1492141818706,1492141899859,453
1098,1492141917096,1492142132328,453
1099,1492142198472,1492142241606,453
1100,1492146373325,1492146387904,454
1101,1492146436381,1492146504517,454
1102,1492146509521,1492146542816,454
1103,1492146603254,1492146608619,454
1104,1492146616989,1492146669124,454
1105,1492147903365,1492147959281,455
1106,1492148006320,1492148017236,455
1107,1492148019306,1492148053039,455
1108,1492148117017,1492148220886,455
1109,1492156035324,1492156045254,457
1110,1492156146998,1492156166032,457
1111,1492156228640,1492156247889,457
1112,1492169728936,1492169883981,458
1113,1492169907278,1492169933596,458
1114,1492171233132,1492171266448,459
1115,1492171337905,1492171470915,459
1116,1492179835143,1492179889722,460
1117,1492179932981,1492180321808,460
1118,1492182084385,1492182146799,461
1119,1492189074918,1492189201572,462
1120,1492189290033,1492189295913,462
1121,1492189383656,1492189444442,462
1122,1492189565090,1492189580271,462
1123,1492189671616,1492189808842,462
1124,1492189853831,1492189962069,462
1125,1492190489551,1492190500100,463
1126,1492190573276,1492190670630,463
1127,1492196919819,1492197040257,464
1128,1492198129376,1492198140746,465
1129,1492198194189,1492198210638,465
1130,1492198221122,1492198299794,465
1131,1492198322883,1492198410136,465
1132,1492198422724,1492198473227,465
1133,1492198525700,1492198585867,465
1134,1492198609007,1492198624787,465
1135,1492198673062,1492198684844,465
1136,1492201767658,1492201791234,466
1137,1492201919446,1492201934628,466
1138,1492202022702,1492202406150,466
1139,1492203577003,1492203591549,467
1140,1492215033191,1492215046107,468
1141,1492215162614,1492215219874,468
1142,1492215316084,1492215320014,468
1143,1492215366071,1492215376869,468
1144,1492216784155,1492216797468,469
1145,1492223300053,1492223359719,470
1146,1492223596465,1492223656649,470
1147,1492223755978,1492223796376,470
1148,1492223826301,1492223954657,470
1149,1492224034434,1492224089886,470
1150,1492224162165,1492224173943,470
1151,1492224217951,1492224330489,470
1152,1492229568233,1492229619064,472
1153,1492229771013,1492229836281,472
1154,1492229865772,1492229880984,472
1155,1492229891005,1492229896151,472
1156,1492229902376,1492229926207,472
1157,1492229938279,1492229944241,472
1158,1492230634055,1492230714071,473
1159,1492230776570,1492230791336,473
1160,1492230866032,1492230884093,473
1161,1492230932667,1492231001319,473
1162,1492231084774,1492231120532,473
1163,1492242131207,1492242144767,475
1164,1492242329214,1492242346048,475
1165,1492242379972,1492242391803,475
1166,1492257613265,1492257621481,478
1167,1492257625934,1492257693655,478
1168,1492270032917,1492270034624,479
1169,1492270077564,1492270220325,479
1170,1492270298285,1492270311083,479
1171,1492271194696,1492271224829,480
1172,1492271357128,1492271391861,480
1173,1492271454977,1492271500952,480
1174,1492281160269,1492281282751,481
1175,1492281482525,1492281574042,481
1176,1492291275803,1492291276580,483
1177,1492291338505,1492291355405,483
1178,1492300745414,1492300798389,486
1179,1492300857498,1492300890648,486
1180,1492301914775,1492302024777,487
1181,1492302089289,1492302214128,487
1182,1492307941063,1492308010690,488
1183,1492308099753,1492308138822,488
1184,1492308526661,1492308610846,488
1185,1492308826801,1492308850225,488
1186,1492335577961,1492335697998,492
1187,1492336115954,1492336134298,492
1188,1492337209071,1492337246942,493
1189,1492350464393,1492350525167,494
1190,1492350560393,1492350614877,494
1191,1492378657039,1492378924334,498
1192,1492380471183,1492380618509,499
1193,1492388264786,1492388286135,500
1194,1492389546166,1492389553677,501
1195,1492399287298,1492399320648,504
1196,1492399551954,1492399646027,504
1197,1492399898307,1492400144004,504
1198,1492400197176,1492400215642,504
1199,1492400324543,1492400395375,504
1200,1492407097555,1492407212975,505
1201,1492407592500,1492407606543,505
1202,1492407654482,1492407983223,505
1203,1492408123407,1492408132105,505
1204,1492408228836,1492408233813,505
1205,1492408248700,1492408268031,505
1206,1492425104297,1492425105720,507
1207,1492445594224,1492445740428,513
1208,1492445793237,1492445845557,513
1209,1492455635112,1492455859516,515
1210,1492468397139,1492468399954,517
1211,1492481829926,1492481936383,519
1212,1492481972282,1492482004172,519
1213,1492482151516,1492482157028,519
1214,1492482230909,1492482242290,519
1215,1492482321414,1492482357032,519
1216,1492482405956,1492482446623,519
1217,1492489799379,1492490169552,520
1218,1492491593763,1492491626879,521
1219,1492492040219,1492492075372,521
1220,1492493172224,1492493196854,522
1221,1492493265048,1492493279809,522
1222,1492493295843,1492493357580,522
1223,1492493371198,1492493386198,522
1224,1492493408269,1492493409233,522
1225,1492493499460,1492493625967,522
1226,1492493692460,1492493732626,522
1227,1492493749881,1492493812599,522
1228,1492493828870,1492493830017,522
1229,1492529732004,1492529732245,525
1230,1492537711736,1492537712658,526
1231,1492537902842,1492538087206,526
1232,1492549075394,1492549215870,529
1233,1492549256363,1492549393336,529
1234,1492549462528,1492549697011,529
1235,1492556665050,1492556695408,530
1236,1492557340607,1492557408715,530
1237,1492557486593,1492557523277,530
1238,1492557621671,1492557639887,530
1239,1492557740515,1492557752027,530
1240,1492569440701,1492569444667,533
1241,1492569485740,1492569500939,533
1242,1492569605450,1492569617282,533
1243,1492575747460,1492575773112,535
1244,1492575951187,1492576031336,535
1245,1492576718483,1492576733837,536
1246,1492577013149,1492577098684,536
1247,1492578188768,1492578258802,537
1248,1492578436386,1492578444149,537
1249,1492578491514,1492578505097,537
1250,1492578513883,1492578518695,537
1251,1492605237631,1492605272527,539
1252,1492638635779,1492638694898,545
1253,1492638963670,1492638986041,545
1254,1492639140494,1492639152828,545
1255,1492639194494,1492639369456,545
1256,1492639524263,1492639568360,545
1257,1492640698159,1492640759006,546
1258,1492640838367,1492640858799,546
1259,1492646886789,1492646905917,547
1260,1492646927216,1492646942517,547
1261,1492646967971,1492646972768,547
1262,1492647694962,1492647706822,548
1263,1492648098867,1492648107965,548
1264,1492648150938,1492648172005,548
1265,1492653923113,1492654034000,549
1266,1492655337123,1492655344863,550
1267,1492655543668,1492655583033,550
1268,1492655645259,1492655708063,550
1269,1492655726198,1492655739096,550
1270,1492655967858,1492656007161,550
1271,1492656072219,1492656114054,550
1272,1492656183145,1492656251899,550
1273,1492657316038,1492657567936,551
1274,1492662775172,1492662789086,552
1275,1492662825342,1492662852130,552
1276,1492679370678,1492679688160,554
1277,1492679934143,1492679975722,554
1278,1492681050900,1492681353926,555
1279,1492691742465,1492691851469,556
1280,1492705134791,1492705341138,558
1281,1492705437955,1492705455582,558
1282,1492706426309,1492706581395,559
1283,1492706613376,1492706660229,559
1284,1492706687949,1492706736731,559
1285,1492706800107,1492706843193,559
1286,1492727032177,1492727281416,562
1287,1492728488930,1492728549785,563
1288,1492728755818,1492728780336,563
1289,1492728793441,1492728799989,563
1290,1492739099625,1492739229909,564
1291,1492739433514,1492739441728,564
1292,1492740005213,1492740029110,565
1293,1492769222591,1492769237201,567
1294,1492769273040,1492769291306,567
1295,1492770247441,1492770277866,568
1296,1492782494452,1492782618191,569
1297,1492782691433,1492782937018,569
1298,1492790815217,1492790960219,571
1299,1492791066915,1492791111937,571
1300,1492792485882,1492792652314,572
1301,1492792774170,1492792836487,572
1302,1492800298090,1492800304380,573
1303,1492827561339,1492827565067,577
1304,1492827599305,1492827609520,577
1305,1492827680177,1492827691076,577
1306,1492827722332,1492827753882,577
1307,1492827758187,1492827768218,577
1308,1492834469291,1492834476732,579
1309,1492834564993,1492834601263,579
1310,1492834634583,1492834667232,579
1311,1492834746626,1492834771708,579
1312,1492834789030,1492834800962,579
1313,1492834829481,1492835140523,579
1314,1492835201586,1492835208756,579
1315,1492835319447,1492835345397,579
1316,1492835371602,1492835381232,579
1317,1492836134281,1492836212700,580
1318,1492836353847,1492836369998,580
1319,1492836489210,1492836517843,580
1320,1492850812705,1492850937570,581
1321,1492850966201,1492851044395,581
1322,1492851173433,1492851192000,581
1323,1492851225139,1492851239036,581
1324,1492853172809,1492853392665,582
1325,1492867648885,1492867679424,583
1326,1492867717230,1492867740677,583
1327,1492879471342,1492879490136,585
1328,1492891180996,1492891185445,588
1329,1492891217401,1492891224431,588
1330,1492913419129,1492913430809,590
1331,1492913720712,1492913729981,590
1332,1492913772087,1492913778280,590
1333,1492914541772,1492914595490,591
1334,1492914636679,1492914733815,591
1335,1492914797373,1492914817674,591
1336,1492914835959,1492914930763,591
1337,1492932942106,1492932951520,592
1338,1492932967877,1492932996460,592
1339,1492933947042,1492933968017,593
1340,1492945374421,1492945420938,594
1341,1492945507500,1492945543249,594
1342,1492945578906,1492945596204,594
1343,1492945635245,1492945657976,594
1344,1492969710934,1492969787565,598
1345,1492970163148,1492970176313,598
1346,1492970490390,1492970504070,598
1347,1492971709294,1492971728777,599
1348,1492971943188,1492971972414,599
1349,1492982617007,1492982667805,601
1350,1492994171237,1492994181379,603
1351,1492994223121,1492994373046,603
1352,1493001689597,1493001712962,605
1353,1493001758231,1493001899504,605
1354,1493003657477,1493003717834,606
1355,1493003796411,1493003831447,606
1356,1493003845602,1493004157643,606
1357,1493004469813,1493004475626,606
1358,1493004499769,1493004572458,606
1359,1493015088246,1493015145317,608
1360,1493015262066,1493015266697,608
1361,1493026570751,1493026640997,609
1362,1493026846674,1493026890226,609
1363,1493027069255,1493027120357,609
1364,1493028224094,1493028352348,610
1365,1493028539835,1493028562284,610
1366,1493028582008,1493029042642,610
1367,1493029685029,1493029735382,611
1368,1493043678016,1493043725435,612
1369,1493044634772,1493044748495,613
1370,1493053292335,1493053361514,615
1371,1493053646017,1493053650267,615
1372,1493069066985,1493069083010,618
1373,1493069146751,1493069305463,618
1374,1493080134417,1493080149654,620
1375,1493095333160,1493095389264,622
1376,1493116758729,1493116763209,623
1377,1493116767343,1493116787662,623
1378,1493133455914,1493133628176,627
1379,1493133716686,1493133764507,627
1380,1493171056713,1493171160471,633
1381,1493173060572,1493173084991,634
1382,1493173208924,1493173223606,634
1383,1493173313933,1493173383750,634
1384,1493173486248,1493173537132,634
1385,1493182689061,1493182764879,636
1386,1493259589664,1493259639919,645
1387,1493260162867,1493260173578,646
1388,1493260625612,1493260638570,646
1389,1493268102218,1493268109258,647
1390,1493307299183,1493307329741,653
1391,1493346666174,1493346756924,659
1392,1493346822266,1493346828548,659
1393,1493346924591,1493346935672,659
1394,1493348285121,1493348304266,661
1395,1493348324368,1493348342036,661
1396,1493354408468,1493354468290,662
1397,1493355427102,1493355692703,663
1398,1493355751794,1493355760358,663
1399,1493356316898,1493356344987,664
1400,1493378704335,1493378780786,665
1401,1493378897302,1493378912197,665
1402,1493403230625,1493403271389,671
1403,1493424403343,1493424498099,676
1404,1493424752388,1493424782652,676
1405,1493442741538,1493442746958,679
1406,1493443839463,1493443989572,680
1407,1493444027879,1493444083180,680
1408,1493444091384,1493444341604,680
1409,1493467491859,1493467587102,682
1410,1493483429150,1493483439899,684
1411,1493496334586,1493496340799,686
1412,1493496530170,1493496541083,686
1413,1493496606291,1493496617540,686
1414,1493496751037,1493496761186,686
1415,1493509547048,1493509722773,687
1416,1493547341991,1493547360092,691
1417,1493566536879,1493566564714,695
1418,1493566675478,1493566680591,695
1419,1493567462296,1493567489813,696
1420,1493577212440,1493577247324,697
1421,1493578424758,1493578440550,698
1422,1493578490726,1493578517088,698
1423,1493606437272,1493606460504,701
1424,1493606660986,1493606683529,701
1425,1493606751850,1493606863545,701
1426,1493607093657,1493607106037,701
1427,1493607136756,1493607158408,701
1428,1493607797988,1493608106361,702
1429,1493608679384,1493608701427,702
1430,1493615143731,1493615273820,704
1431,1493615363211,1493615387112,704
1432,1493629567411,1493629614131,705
1433,1493643331546,1493643415736,708
1434,1493644554180,1493644571610,709
1435,1493644680706,1493644727122,709
1436,1493644939073,1493644994858,709
1437,1493645050932,1493645102750,709
1438,1493659897407,1493659926438,711
1439,1493668606755,1493668721122,712
1440,1493671313398,1493671545782,714
1441,1493671625611,1493671647075,714
1442,1493678854532,1493678888815,716
1443,1493755329887,1493755348447,726
1444,1493785540016,1493785553147,733
1445,1493785629923,1493785725460,733
1446,1493785838658,1493785867039,733
1447,1493785982207,1493786024370,733
1448,1493786091991,1493786114710,733
1449,1493786150134,1493786161582,733
1450,1493827922452,1493827996774,739
1451,1493849083938,1493849117606,743
1452,1493859835643,1493860018902,746
1453,1493860207674,1493860279864,748
1454,1493871649982,1493871930846,751
1455,1493906852894,1493906918072,754
1456,1493916561342,1493916709413,757
1457,1493938830197,1493939348287,761
1458,1493959690160,1493959717575,767
1459,1493960860497,1493960877580,768
1460,1493984122218,1493984144454,769
1461,1493999110318,1493999279471,771
1462,1494000392871,1494000583991,772
1463,1494000666320,1494000688969,772
1464,1494000792531,1494000800310,772
1465,1494010393307,1494010592347,773
1466,1494010724977,1494010745143,773
1467,1494020978031,1494020992492,776
1468,1494021113140,1494021165090,776
1469,1494021344092,1494021408012,776
1470,1494021459953,1494021502586,776
1471,1494021597548,1494021632814,776
1472,1494029329567,1494029343015,777
1473,1494029657279,1494029672975,777
1474,1494038244121,1494038261238,780
1475,1494039233172,1494039330272,781
1476,1494039521458,1494039549573,781
1477,1494040770346,1494040851399,782
1478,1494040903325,1494040911421,782
1479,1494040936061,1494040957658,782
1480,1494072168735,1494072173653,788
1481,1494088236152,1494088434165,790
1482,1494098988740,1494099024584,791
1483,1494099698743,1494099755949,792
1484,1494110883615,1494111254987,793
1485,1494112027350,1494112396443,794
1486,1494112418295,1494112423648,794
1487,1494153753151,1494153761940,799
1488,1494162726025,1494162746724,801
1489,1494185713366,1494186089808,806
1490,1494187290770,1494187294435,807
1491,1494193975356,1494193991931,808
1492,1494194168107,1494194176077,808
1493,1494194502602,1494194662395,809
1494,1494203666143,1494203977121,810
1495,1494218951658,1494218960539,816
1496,1494238239248,1494238383542,818
1497,1494273769685,1494274097070,826
1498,1494274137793,1494274190462,826
1499,1494275632028,1494275710232,827
1500,1494283973084,1494284264500,828
1501,1494284718487,1494284725416,828
1502,1494285619318,1494285762546,829
1503,1494285833937,1494285890073,829
1504,1494295441239,1494295533484,831
1505,1494306618511,1494306625557,832
1506,1494306825528,1494306967985,832
1507,1494307045945,1494307214056,832
1508,1494334272698,1494334282929,835
1509,1494343637185,1494344030996,836
1510,1494364418351,1494364447385,839
1511,1494383022568,1494383040891,842
1512,1494389867177,1494389879420,844
1513,1494390126793,1494390145074,844
1514,1494391011848,1494391035228,845
1515,1494391163224,1494391176039,845
1516,1494391187758,1494391540622,845
1517,1494391679973,1494391690987,845
1518,1494391794899,1494391827014,845
1519,1494392196738,1494392226403,845
1520,1494415668039,1494415700576,846
1521,1494416121624,1494416135213,846
1522,1494438172713,1494438186537,850
1523,1494439398336,1494439421910,851
1524,1494439511521,1494439555539,851
1525,1494447096365,1494447136484,852
1526,1494447155792,1494447217391,852
1527,1494463865362,1494464064617,856
1528,1494464712165,1494465100477,857
1529,1494465340500,1494465372969,857
1530,1494466407443,1494466569036,858
1531,1494467693241,1494467705080,858
1532,1494467896024,1494467927422,858
1533,1494467991879,1494468024447,858
1534,1494498142855,1494498213748,861
1535,1494524887686,1494524893979,865
1536,1494533767301,1494533825309,866
1537,1494533880214,1494533902182,866
1538,1494533923185,1494534032159,866
1539,1494535000210,1494535094695,867
1540,1494535162555,1494535171736,867
1541,1494535343568,1494535584403,867
1542,1494535857264,1494535914799,867
1543,1494535951935,1494535973352,867
1544,1494543118665,1494543356690,868
1545,1494543838001,1494543878433,868
1546,1494543975830,1494543996411,868
1547,1494550513903,1494550592890,869
1548,1494551925109,1494552177946,870
1549,1494552341020,1494552352897,870
1550,1494595310171,1494595349215,875
1551,1494614141822,1494614160170,878
1552,1494637951997,1494637977309,881
1553,1494638032833,1494638046212,881
1554,1494638154740,1494638173606,881
1555,1494649260251,1494649283486,882
1556,1494649484425,1494649642100,882
1557,1494651278863,1494651295655,883
1558,1494652788728,1494652809650,884
1559,1494653069075,1494653132612,884
1560,1494653313377,1494653324325,884
1561,1494653493761,1494653524361,884
1562,1494653577142,1494653589301,884
1563,1494686783884,1494687386262,888
1564,1494694375439,1494694602798,889
1565,1494701613778,1494701625464,890
1566,1494709219194,1494709445825,891
1567,1494709610193,1494709643510,891
1568,1494723787462,1494723898515,893
1569,1494824760016,1494824818345,906
1570,1494825017983,1494825073252,906
1571,1494825172780,1494825178461,906
1572,1494825741098,1494825976980,907
1573,1494864206819,1494864391310,911
1574,1494864663437,1494864674639,911
1576,1494879399537,1494879450165,914
1577,1494879793582,1494879801879,914
1578,1494888844682,1494889061169,917
1579,1494889132879,1494889183155,917
1580,1494890264574,1494890339385,918
1581,1494911248965,1494911265660,924
1582,1494926346119,1494926365879,926
1583,1494926408470,1494926416467,926
1584,1494927333655,1494927363212,927
1585,1494939100010,1494939107554,928
1586,1494939124725,1494939139906,928
1587,1494958324915,1494958353795,931
1588,1494958450218,1494958701388,931
1589,1494959596853,1494959607084,932
1590,1494959706260,1494959807951,932
1591,1494959975420,1494959990097,932
1592,1494977931178,1494977976438,935
1593,1494979964120,1494979975599,936
1594,1494980109165,1494980120147,936
1595,1494980197540,1494980205672,936
1596,1494980317639,1494980447973,936
1597,1494994472638,1494994480300,940
1598,1494994695014,1494994740265,940
1599,1494994774652,1494994829006,940
1600,1494995700775,1494995913685,941
1601,1494997285855,1494997316111,942
1602,1494997676064,1494997706361,942
1603,1495073525103,1495073562367,950
1604,1495074996782,1495075073529,951
1605,1495075232229,1495075304004,951
1606,1495081280833,1495081333808,952
1607,1495081377749,1495081490172,952
1608,1495081559931,1495081691406,952
1609,1495100201628,1495100229469,956
1610,1495131215169,1495131274881,959
1611,1495131321722,1495131333552,959
1612,1495131593426,1495131907795,959
1613,1495144021735,1495144463889,960
1614,1495170155855,1495170183831,964
1615,1495171724098,1495171724388,965
1616,1495171725122,1495171725940,965
1617,1495181277615,1495181566391,966
1618,1495292963343,1495292968383,977
1619,1495302585953,1495302659989,978
1620,1495317520426,1495317846247,980
1621,1495317925773,1495317942389,980
1622,1495318086351,1495318415128,980
1623,1495318526992,1495318567774,980
1624,1495318679770,1495318684618,980
1625,1495327416206,1495327527036,982
1626,1495327565147,1495327597292,982
1627,1495327644083,1495327689169,982
1628,1495327744710,1495327812029,982
1629,1495331196471,1495331237108,983
1630,1495331285615,1495331326616,983
1631,1495331372256,1495331398688,983
1632,1495331411879,1495331412789,983
1633,1495331465080,1495331481663,983
1634,1495331562523,1495331607574,983
1635,1495342260904,1495342379943,987
1636,1495343011205,1495343285670,987
1637,1495343340429,1495343474104,987
1638,1495343523645,1495343536992,987
1639,1495375836261,1495375946810,995
1640,1495376222473,1495376332977,995
1641,1495376445173,1495376501459,995
1642,1495376536165,1495376550412,995
1643,1495376617106,1495376631854,995
1644,1495376744613,1495376797166,995
1645,1495376849959,1495376867223,995
1646,1495376877579,1495376895743,995
1647,1495422660310,1495423039898,1003
1648,1495423155695,1495423302255,1003
1649,1495423371291,1495423493366,1003
1650,1495423544857,1495423552970,1003
1651,1495423650452,1495423669031,1003
1652,1495423737955,1495424268686,1003
1653,1495456708845,1495456716640,1005
1654,1495456806733,1495456817834,1005
1655,1495456849503,1495456864613,1005
1656,1495469390236,1495469409329,1006
1657,1495469543660,1495469551544,1006
1658,1495477245655,1495477291397,1007
1659,1495477355825,1495477374607,1007
1660,1495477570006,1495477619636,1007
1661,1495477667426,1495477819971,1007
1662,1495477918191,1495477947912,1007
1663,1495478030422,1495478269775,1007
1664,1495499043173,1495499236054,1009
1665,1495500614093,1495500633163,1010
1666,1495500717775,1495500726254,1010
1667,1495509990519,1495510203143,1011
1668,1495510885305,1495510892552,1011
1669,1495510995880,1495511026180,1011
1670,1495511077534,1495511099261,1011
1671,1495512398785,1495512416926,1012
1672,1495512444800,1495512503985,1012
1673,1495512552176,1495512556522,1012
1674,1495514189169,1495514219318,1013
1675,1495527635858,1495527681698,1014
1676,1495527783493,1495527796275,1014
1677,1495553167377,1495553178714,1017
1678,1495553307210,1495553450037,1017
1679,1495563201394,1495563540677,1018
1680,1495563668894,1495563704812,1018
1681,1495563757489,1495563806288,1018
1682,1495563839211,1495564043441,1018
1683,1495574973716,1495574988442,1019
1684,1495575087687,1495575116754,1019
1685,1495575159061,1495575191228,1019
1686,1495575430487,1495575445036,1019
